Date,HPG,VCB
2015-01-05,6003.300633173426,16672.840932705625
2015-01-06,6059.935544807137,17770.426072476213
2015-01-07,6003.300633173426,17561.362236329434
2015-01-08,6003.300633173426,18084.021826696382
2015-01-09,6116.570456440849,19286.138884540364
2015-01-12,6116.570456440849,19442.936761650446
2015-01-13,6116.570456440849,19338.404843577056
2015-01-14,6116.570456440849,19547.468679723836
2015-01-15,6116.570456440849,19233.872925503667
2015-01-16,6003.300633173426,18972.543130320195
2015-01-19,5946.6657215397145,18502.14949898994
2015-01-20,6003.300633173426,18815.74525321011
2015-01-21,6059.935544807137,18502.14949898994
2015-01-22,6003.300633173426,18920.2771712835
2015-01-23,5833.395898272292,19390.670802613753
2015-01-26,5640.837198717672,19129.341007430277
2015-01-27,5720.126075004869,18972.543130320195
2015-01-28,5720.126075004869,19547.468679723836
2015-01-29,5595.529269410703,19286.138884540364
2015-01-30,5414.297552182826,18658.947376100026
2015-02-02,5380.316605202599,18658.947376100026
2015-02-03,5289.70074658866,17404.564359219352
2015-02-04,5119.796011687526,17300.032441145962
2015-02-05,5085.815064707299,18240.819703806468
2015-02-06,5210.411870301464,18815.74525321011
2015-02-09,5074.488082380556,18920.2771712835
2015-02-10,5244.392817281691,19024.809089356888
2015-02-11,5482.25944614328,19390.670802613753
2015-02-12,5527.567375450249,18972.543130320195
2015-02-13,5572.875304757218,19077.075048393584
2015-02-24,5584.20228708396,20383.72402431095
2015-02-25,5482.25944614328,19913.3303929807
2015-02-26,5425.624534509568,20592.78786045773
2015-02-27,5335.0086758956295,20070.128270090783
2015-03-02,5233.0658349549485,20070.128270090783
2015-03-03,5335.0086758956295,20122.39422912748
2015-03-04,5335.0086758956295,20279.192106237562
2015-03-05,5357.662640549114,19808.79847490731
2015-03-06,5346.335658222372,19495.202720687143
2015-03-09,5504.913410796764,19024.809089356888
2015-03-10,5436.9515168363105,19233.872925503667
2015-03-11,5380.316605202599,19077.075048393584
2015-03-12,5301.027728915403,19233.872925503667
2015-03-13,5267.046781935176,19181.606966466974
2015-03-16,5108.469029360784,18449.883539953247
2015-03-17,5097.142047034041,18658.947376100026
2015-03-18,5051.834117727071,18711.21333513672
2015-03-19,4983.872223766618,18554.415458026637
2015-03-20,5244.392817281691,18815.74525321011
2015-03-23,5097.142047034041,18397.61758091655
2015-03-24,5017.853170746845,18449.883539953247
2015-03-25,4983.872223766618,18502.14949898994
2015-03-26,4972.545241439875,18293.08566284316
2015-03-27,4972.545241439875,18449.883539953247
2015-03-30,4983.872223766618,18345.351621879858
2015-03-31,4995.19920609336,18345.351621879858
2015-04-01,4983.872223766618,18293.08566284316
2015-04-02,4995.19920609336,18658.947376100026
2015-04-03,5085.815064707299,18658.947376100026
2015-04-06,5029.1801530735875,18554.415458026637
2015-04-07,5029.1801530735875,18711.21333513672
2015-04-08,5006.526188420103,18554.415458026637
2015-04-09,5006.526188420103,18711.21333513672
2015-04-10,5006.526188420103,18815.74525321011
2015-04-13,5006.526188420103,19024.809089356888
2015-04-14,5017.853170746845,19024.809089356888
2015-04-15,5097.142047034041,19129.341007430277
2015-04-16,5085.815064707299,19495.202720687143
2015-04-17,5165.103940994495,19547.468679723836
2015-04-20,5108.469029360784,19495.202720687143
2015-04-21,5108.469029360784,19181.606966466974
2015-04-22,5108.469029360784,19338.404843577056
2015-04-23,5040.507135400329,19338.404843577056
2015-04-24,5040.507135400329,19442.936761650446
2015-04-27,4983.872223766618,18920.2771712835
2015-05-04,4904.583347479422,18606.68141706333
2015-05-05,5006.526188420103,19442.936761650446
2015-05-06,4927.2373121329065,19390.670802613753
2015-05-07,4961.218259113133,19652.000597797225
2015-05-08,4903.26010188051,20226.92614720087
2015-05-11,4816.322866031564,20331.45806527426
2015-05-12,4677.223288673253,20174.660188164173
2015-05-13,4572.898605654518,19913.3303929807
2015-05-14,4659.835841503464,20017.86231105409
2015-05-15,4538.12371131494,20070.128270090783
2015-05-18,4312.086898107683,20174.660188164173
2015-05-19,4346.861792447261,20435.98998334765
2015-05-20,4642.4483943336745,20697.31977853112
2015-05-21,4642.4483943336745,20906.3836146779
2015-05-22,4677.223288673253,22056.234713485184
2015-05-25,4642.4483943336745,21951.702795411795
2015-05-26,4729.38563018262,22474.362385778742
2015-05-27,4659.835841503464,22422.096426742046
2015-05-28,4659.835841503464,22526.628344815435
2015-05-29,4625.060947163885,22631.160262888825
2015-06-01,4590.286052824307,23885.5432797695
2015-06-02,4572.898605654518,23990.07519784289
2015-06-03,4451.186475465995,23258.351771329162
2015-06-04,4468.573922635784,23258.351771329162
2015-06-05,4399.024133956627,23571.94752554933
2015-06-08,4520.736264145151,23676.47944362272
2015-06-09,4694.610735843042,23101.55389421908
2015-06-10,4920.647549050299,22631.160262888825
2015-06-11,5007.584784899244,22840.224099035604
2015-06-12,4972.809890559666,22787.95813999891
2015-06-15,4990.197337729455,23676.47944362272
2015-06-16,5024.972232069033,23258.351771329162
2015-06-17,4938.034996220088,23206.08581229247
2015-06-18,4920.647549050299,23467.41560747594
2015-06-19,4781.547971691986,24303.670952063057
2015-06-22,4833.7103132013535,24878.5965014667
2015-06-23,4903.26010188051,24878.5965014667
2015-06-24,4851.097760371143,24512.734788209837
2015-06-25,4764.160524522198,24512.734788209837
2015-06-26,4746.773077352409,23871.878976753425
2015-06-29,4868.485207540932,25100.185948711656
2015-06-30,5024.972232069033,26061.469665896355
2015-07-01,4903.26010188051,25901.25571303224
2015-07-02,4972.809890559666,27503.39524167341
2015-07-03,4990.197337729455,29105.534770314578
2015-07-06,5111.909467917979,29105.534770314578
2015-07-07,5233.621598106502,28838.51151554105
2015-07-08,5181.459256597134,27770.41849644694
2015-07-09,5077.134573578401,28037.441751220464
2015-07-10,5024.972232069033,28037.441751220464
2015-07-13,4990.197337729455,28037.441751220464
2015-07-14,5077.134573578401,28037.441751220464
2015-07-15,4972.809890559666,27236.37198689988
2015-07-16,5146.684362257557,27236.37198689988
2015-07-17,5251.009045276291,27236.37198689988
2015-07-20,5303.171386785658,26381.89757162459
2015-07-21,5459.65841131376,26275.08826971518
2015-07-22,5824.7948018793295,27770.41849644694
2015-07-23,5755.245013200173,27503.39524167341
2015-07-24,6016.0567207470085,26969.348732126353
2015-07-27,6189.931192444899,27236.37198689988
2015-07-28,5963.894379237641,27503.39524167341
2015-07-29,5807.40735470954,27236.37198689988
2015-07-30,5842.182249049119,27236.37198689988
2015-07-31,5650.920330181439,26648.92082639812
2015-08-03,5650.920330181439,25580.827807304006
2015-08-04,5668.307777351228,24566.1394391646
2015-08-05,5842.182249049119,24619.544090119303
2015-08-06,5772.632460369962,24085.497580572246
2015-08-07,5929.119484898063,23978.688278662838
2015-08-10,6050.831615086587,24779.75804298342
2015-08-11,5998.669273577219,25153.59059966636
2015-08-12,5790.019907539751,24299.11618439107
2015-08-13,5685.695224521017,23498.046420070485
2015-08-14,5668.307777351228,23124.213863387547
2015-08-17,5511.820752823127,21895.906891429317
2015-08-18,5581.370541502282,22696.9766557499
2015-08-19,5529.208199992916,23124.213863387547
2015-08-20,5407.496069804392,22910.595259568723
2015-08-21,5251.009045276291,22643.572004795195
2015-08-24,4885.872654710721,21094.83712710873
2015-08-25,5216.2341509367125,21415.265032836964
2015-08-26,5477.045858483549,21895.906891429317
2015-08-27,5442.270964143971,22216.33479715755
2015-08-28,5494.433305653338,23177.61851434225
2015-08-31,5407.496069804392,22696.9766557499
2015-09-01,5407.496069804392,22696.9766557499
2015-09-03,5233.621598106502,22216.33479715755
2015-09-04,5164.071809427345,22429.953400976374
2015-09-07,5077.134573578401,22483.358051931078
2015-09-08,5251.009045276291,23711.66502388931
2015-09-09,5337.946281125236,24459.330137255187
2015-09-10,5285.783939615869,24566.1394391646
2015-09-11,5164.071809427345,23925.28362770813
2015-09-14,5094.52202074819,23070.80921243284
2015-09-15,5077.134573578401,22803.78595765931
2015-09-16,5164.071809427345,23498.046420070485
2015-09-17,5216.2341509367125,23284.427816251664
2015-09-18,5355.333728295025,23498.046420070485
2015-09-21,5511.820752823127,23871.878976753425
2015-09-22,5529.208199992916,23818.474325798717
2015-09-23,5494.433305653338,23765.069674844013
2015-09-24,5459.65841131376,23551.451071025193
2015-09-25,5407.496069804392,23498.046420070485
2015-09-28,5251.009045276291,22963.999910523427
2015-09-29,5233.621598106502,22857.19060861402
2015-09-30,5285.783939615869,22910.595259568723
2015-10-01,5337.946281125236,22963.999910523427
2015-10-02,5372.721175464814,22963.999910523427
2015-10-05,5459.65841131376,23231.023165296956
2015-10-06,5563.983094332493,24192.30688248166
2015-10-07,5477.045858483549,24138.902231526954
2015-10-08,5598.757988672071,25046.78129775695
2015-10-09,5633.53288301165,24833.162693938128
2015-10-12,5703.082671690806,25687.637109213418
2015-10-13,5633.53288301165,25580.827807304006
2015-10-14,5616.1454358418605,25206.995250621065
2015-10-15,5616.1454358418605,25313.804552530477
2015-10-16,5563.983094332493,24939.971995847536
2015-10-19,5563.983094332493,24566.1394391646
2015-10-20,5459.65841131376,24245.711533436363
2015-10-21,5424.8835169741815,24352.520835345775
2015-10-22,5459.65841131376,24672.94874107401
2015-10-23,5529.208199992916,25046.78129775695
2015-10-26,5546.595647162704,24939.971995847536
2015-10-27,5511.820752823127,24886.567344892832
2015-10-28,5459.65841131376,24619.544090119303
2015-10-29,5477.045858483549,24939.971995847536
2015-10-30,5477.045858483549,25474.018505394593
2015-11-02,5424.8835169741815,25474.018505394593
2015-11-03,5477.045858483549,25741.041760168122
2015-11-04,5407.496069804392,25741.041760168122
2015-11-05,5390.108622634603,25580.827807304006
2015-11-06,5390.108622634603,25634.23245825871
2015-11-09,5337.946281125236,26221.683618760475
2015-11-10,5303.171386785658,25794.446411122826
2015-11-11,5268.39649244608,25474.018505394593
2015-11-12,5233.621598106502,25420.61385443989
2015-11-13,5233.621598106502,25367.20920348518
2015-11-16,5146.684362257557,25153.59059966636
2015-11-17,5251.009045276291,25206.995250621065
2015-11-18,5233.621598106502,25206.995250621065
2015-11-19,5181.459256597134,25100.185948711656
2015-11-20,5198.846703766923,25100.185948711656
2015-11-23,5251.009045276291,24939.971995847536
2015-11-24,5233.621598106502,24672.94874107401
2015-11-25,5407.496069804392,24566.1394391646
2015-11-26,5511.820752823127,24245.711533436363
2015-11-27,5442.270964143971,23658.2603729346
2015-11-30,5303.171386785658,22910.595259568723
2015-12-01,5268.39649244608,22483.358051931078
2015-12-02,5320.558833955447,22536.762702885782
2015-12-03,5320.558833955447,22750.381306704607
2015-12-04,5268.39649244608,22590.16735384049
2015-12-07,5198.846703766923,21789.097589519904
2015-12-08,5268.39649244608,23017.404561478135
2015-12-09,5181.459256597134,22109.525495248137
2015-12-10,5111.909467917979,22002.71619333873
2015-12-11,5181.459256597134,22056.120844293433
2015-12-14,5320.558833955447,22216.33479715755
2015-12-15,5320.558833955447,23070.80921243284
2015-12-16,5303.171386785658,23231.023165296956
2015-12-17,5285.783939615869,23498.046420070485
2015-12-18,5285.783939615869,22002.71619333873
2015-12-21,5216.2341509367125,22696.9766557499
2015-12-22,5164.071809427345,22696.9766557499
2015-12-23,5129.296915087768,22643.572004795195
2015-12-24,5129.296915087768,22536.762702885782
2015-12-25,5129.296915087768,22696.9766557499
2015-12-28,5024.972232069033,22696.9766557499
2015-12-29,5024.972232069033,23498.046420070485
2015-12-30,5094.52202074819,23658.2603729346
2015-12-31,5077.134573578401,23444.64176911578
2016-01-04,5007.584784899244,23070.80921243284
2016-01-05,4955.422443389877,22696.9766557499
2016-01-06,5042.3596792388225,22963.999910523427
2016-01-07,4903.26010188051,22696.9766557499
2016-01-08,4816.322866031564,22536.762702885782
2016-01-11,4816.322866031564,22376.548750021666
2016-01-12,4868.485207540932,22803.78595765931
2016-01-13,4781.547971691986,22590.16735384049
2016-01-14,4607.673499994096,22323.14409906696
2016-01-15,4433.7990282962055,21682.288287610492
2016-01-18,4312.086898107683,20614.19526851638
2016-01-19,4381.636686786839,21522.074334746376
2016-01-20,4381.636686786839,21361.86038188226
2016-01-21,4433.7990282962055,21041.432476154027
2016-01-22,4451.186475465995,21148.241778063435
2016-01-25,4729.38563018262,22269.739448112254
2016-01-26,4590.286052824307,21682.288287610492
2016-01-27,4659.835841503464,21628.883636655788
2016-01-28,4607.673499994096,21628.883636655788
2016-01-29,4781.547971691986,22109.525495248137
2016-02-01,4642.4483943336745,21735.6929385652
2016-02-02,4659.835841503464,21575.47898570108
2016-02-03,4659.835841503464,21148.241778063435
2016-02-04,4694.610735843042,21361.86038188226
2016-02-05,4694.610735843042,21415.265032836964
2016-02-15,4590.286052824307,21522.074334746376
2016-02-16,4642.4483943336745,21522.074334746376
2016-02-17,4642.4483943336745,21255.051079972847
2016-02-18,4659.835841503464,21522.074334746376
2016-02-19,4694.610735843042,21415.265032836964
2016-02-22,4729.38563018262,21575.47898570108
2016-02-23,4729.38563018262,21895.906891429317
2016-02-24,4729.38563018262,22590.16735384049
2016-02-25,4746.773077352409,22323.14409906696
2016-02-26,4938.034996220088,22429.953400976374
2016-02-29,4851.097760371143,21895.906891429317
2016-03-01,4764.160524522198,21735.6929385652
2016-03-02,4729.38563018262,22269.739448112254
2016-03-03,4694.610735843042,22216.33479715755
2016-03-04,4781.547971691986,22323.14409906696
2016-03-07,4833.7103132013535,22323.14409906696
2016-03-08,5024.972232069033,22216.33479715755
2016-03-09,4955.422443389877,22109.525495248137
2016-03-10,4972.809890559666,22216.33479715755
2016-03-11,5007.584784899244,22216.33479715755
2016-03-14,5216.2341509367125,22269.739448112254
2016-03-15,5216.2341509367125,22429.953400976374
2016-03-16,5198.846703766923,23070.80921243284
2016-03-17,5216.2341509367125,22803.78595765931
2016-03-18,5164.071809427345,22696.9766557499
2016-03-21,5181.459256597134,22910.595259568723
2016-03-22,5129.296915087768,23124.213863387547
2016-03-23,5094.52202074819,22910.595259568723
2016-03-24,5007.584784899244,22483.358051931078
2016-03-25,5042.3596792388225,22857.19060861402
2016-03-28,5198.846703766923,22857.19060861402
2016-03-29,5181.459256597134,22429.953400976374
2016-03-30,5129.296915087768,22483.358051931078
2016-03-31,5129.296915087768,21895.906891429317
2016-04-01,5042.3596792388225,21842.50224047461
2016-04-04,5077.134573578401,21842.50224047461
2016-04-05,5094.52202074819,21895.906891429317
2016-04-06,5251.009045276291,22429.953400976374
2016-04-07,5233.621598106502,22269.739448112254
2016-04-08,5355.333728295025,22109.525495248137
2016-04-11,5477.045858483549,22216.33479715755
2016-04-12,5511.820752823127,22483.358051931078
2016-04-13,5407.496069804392,22376.548750021666
2016-04-14,5459.65841131376,22590.16735384049
2016-04-15,5442.270964143971,22696.9766557499
2016-04-19,5372.721175464814,22643.572004795195
2016-04-20,5424.8835169741815,22857.19060861402
2016-04-21,5477.045858483549,22910.595259568723
2016-04-22,5685.695224521017,24405.925486300483
2016-04-25,5737.857566030384,24512.73478820989
2016-04-26,5737.857566030384,25206.995250621065
2016-04-27,5685.695224521017,24566.1394391646
2016-04-28,5650.920330181439,24672.94874107401
2016-04-29,5824.7948018793295,24566.1394391646
2016-05-04,6085.606509426165,24619.544090119303
2016-05-05,6085.606509426165,25153.59059966636
2016-05-06,5911.732037728275,25954.660363986946
2016-05-09,5894.344590558486,25634.23245825871
2016-05-10,5824.7948018793295,25954.660363986946
2016-05-11,5998.669273577219,26168.278967805767
2016-05-12,5911.732037728275,25634.23245825871
2016-05-13,5790.019907539751,25420.61385443989
2016-05-16,5772.632460369962,25794.446411122826
2016-05-17,5842.182249049119,25794.446411122826
2016-05-18,5755.245013200173,26168.278967805767
2016-05-19,5772.632460369962,25687.637109213418
2016-05-20,5772.632460369962,25313.804552530477
2016-05-23,5859.569696218908,24619.544090119303
2016-05-24,5859.569696218908,24512.73478820989
2016-05-25,5859.569696218908,24566.1394391646
2016-05-26,5772.632460369962,24192.30688248166
2016-05-27,5790.019907539751,24192.30688248166
2016-05-30,5876.957143388697,24993.376646802244
2016-05-31,5876.957143388697,24939.971995847536
2016-06-01,5981.28182640743,25046.78129775695
2016-06-02,6120.381403765743,25153.59059966636
2016-06-03,6189.931192444899,25260.399901575773
2016-06-06,6155.156298105321,25527.4231563493
2016-06-07,6311.643322633422,25687.637109213418
2016-06-08,6415.9680056521565,25580.827807304006
2016-06-09,6381.193111312578,25687.637109213418
2016-06-10,6433.355452821946,25901.25571303224
2016-06-13,6346.418216973,25847.851062077534
2016-06-14,6589.842477350047,25794.446411122826
2016-06-15,6607.2299245198365,25527.4231563493
2016-06-16,6624.6173716896255,25474.018505394593
2016-06-17,6502.905241501102,25153.59059966636
2016-06-20,6676.779713198993,25046.78129775695
2016-06-21,6815.879290557305,25100.185948711656
2016-06-22,6885.429079236461,24993.376646802244
2016-06-23,6972.366315085406,25634.23245825871
2016-06-24,6746.329501878148,24993.376646802244
2016-06-27,6781.104396217726,24672.94874107401
2016-06-28,6728.942054708359,24779.75804298342
2016-06-29,6833.266737727094,25260.399901575773
2016-06-30,6885.429079236461,25260.399901575773
2016-07-01,6920.203973576039,25367.20920348518
2016-07-04,6937.591420745828,26275.08826971518
2016-07-05,6989.753762255195,26969.348732126353
2016-07-06,7128.853339613507,26702.325477352824
2016-07-07,7441.827388669711,27236.37198689988
2016-07-08,7424.439941499922,27236.37198689988
2016-07-11,7041.916103764563,27770.41849644694
2016-07-12,7146.240786783296,28838.51151554105
2016-07-13,7233.178022632242,30707.674298955746
2016-07-14,6989.753762255195,29906.604534635164
2016-07-15,7059.303550934352,28838.51151554105
2016-07-18,7354.890152820765,29639.581279861635
2016-07-19,7302.727811311398,29906.604534635164
2016-07-20,7146.240786783296,29372.558025088107
2016-07-21,7163.628233953085,29639.581279861635
2016-07-22,6989.753762255195,27770.41849644694
2016-07-25,7111.465892443718,28304.465005993992
2016-07-26,7354.890152820765,28304.465005993992
2016-07-27,7511.377177348866,29105.534770314578
2016-07-28,7754.801437725913,29372.558025088107
2016-07-29,7737.413990556124,28838.51151554105
2016-08-01,7667.864201876968,28304.465005993992
2016-08-02,7424.439941499922,27503.39524167341
2016-08-03,7511.377177348866,26969.348732126353
2016-08-04,7407.0524943301325,27770.41849644694
2016-08-05,7493.989730179077,27236.37198689988
2016-08-08,7441.827388669711,27770.41849644694
2016-08-09,7528.764624518655,28304.465005993992
2016-08-10,7876.513567914436,28571.48826076752
2016-08-11,7998.2256981029595,29906.604534635164
2016-08-12,7963.450803763381,29105.534770314578
2016-08-15,8050.388039612327,29105.534770314578
2016-08-16,8172.10016980085,28838.51151554105
2016-08-17,8450.299324517475,28304.465005993992
2016-08-18,8485.074218857053,28304.465005993992
2016-08-19,8380.749535838318,28571.48826076752
2016-08-22,8432.911877347686,28571.48826076752
2016-08-23,8572.011454705998,28304.465005993992
2016-08-24,8519.849113196631,28838.51151554105
2016-08-25,8869.611340220432,28838.51151554105
2016-08-26,8787.103327753264,30707.674298955746
2016-08-29,8560.206293468556,30707.674298955746
2016-08-30,8642.714305935722,29639.581279861635
2016-08-31,8828.357333986847,28838.51151554105
2016-09-01,8745.849321519681,28037.441751220464
2016-09-05,8663.341309052514,26969.348732126353
2016-09-06,8725.22231840289,26969.348732126353
2016-09-07,9075.881371388348,26969.348732126353
2016-09-08,9261.524399439473,26969.348732126353
2016-09-09,9137.762380738723,28464.921707215177
2016-09-12,8869.611340220432,27545.512091349054
2016-09-13,9014.000362037972,26478.996936944353
2016-09-14,8993.37335892118,26846.7607832908
2016-09-15,9117.135377621931,26478.996936944353
2016-09-16,9179.016386972307,25743.469244251453
2016-09-19,9405.913421257015,26957.089937194738
2016-09-20,9374.972916581828,27545.512091349054
2016-09-21,9405.913421257015,27545.512091349054
2016-09-22,9529.675439957766,27582.2884759837
2016-09-23,9467.79443060739,27471.959322079765
2016-09-26,9478.107932165785,27655.84124525299
2016-09-27,9539.988941516162,28391.36893794589
2016-09-28,9632.810455541725,28685.58001502305
2016-09-29,9570.929446191349,28170.71063013802
2016-09-30,9426.540424373807,28170.71063013802
2016-10-03,9179.016386972307,27876.49955306086
2016-10-04,9065.567869829953,27876.49955306086
2016-10-05,8993.37335892118,28097.15786086873
2016-10-06,8848.984337103639,28207.487014772665
2016-10-07,8477.698281001389,27913.275937695504
2016-10-10,8085.7852217823465,27582.2884759837
2016-10-11,8642.714305935722,27802.94678379157
2016-10-12,8415.817271651014,27655.84124525299
2016-10-13,8518.952287234972,27435.18293744512
2016-10-14,8333.309259183847,27361.63016817583
2016-10-17,8209.547240483096,26773.20801402151
2016-10-18,8395.190268534221,26809.984398656157
2016-10-19,8508.638785676576,26993.86632182938
2016-10-20,8488.011782559784,26993.86632182938
2016-10-21,8457.071277884597,26993.86632182938
2016-10-24,8292.055252950264,26552.549706213642
2016-10-25,8168.293234249513,26295.115013771127
2016-10-26,8157.9797326911175,25964.127552059323
2016-10-27,8157.9797326911175,26699.655244752223
2016-10-28,8415.817271651014,26699.655244752223
2016-10-31,8405.503770092619,26478.996936944353
2016-11-01,8333.309259183847,26405.44416767506
2016-11-02,8147.666231132722,26037.680321328615
2016-11-03,8106.412224899138,25743.469244251453
2016-11-04,8168.293234249513,25743.469244251453
2016-11-07,8477.698281001389,26662.878860117577
2016-11-08,8560.206293468556,26773.20801402151
2016-11-09,8446.757776326202,26478.996936944353
2016-11-10,8560.206293468556,26773.20801402151
2016-11-11,8446.757776326202,26662.878860117577
2016-11-14,8498.32528411818,26331.891398405773
2016-11-15,8663.341309052514,26331.891398405773
2016-11-16,8683.968312169305,26331.891398405773
2016-11-17,8622.08730281893,26221.562244501838
2016-11-18,8518.952287234972,26148.00947523255
2016-11-21,8663.341309052514,26258.338629136484
2016-11-22,8642.714305935722,26478.996936944353
2016-11-23,8591.146798143744,26699.655244752223
2016-11-24,8601.46029970214,26478.996936944353
2016-11-25,8611.773801260535,26331.891398405773
2016-11-28,8395.190268534221,26111.233090597903
2016-11-29,8322.995757625451,25743.469244251453
2016-11-30,8683.968312169305,25890.574782790034
2016-12-01,8611.773801260535,25927.351167424677
2016-12-02,8704.595315286097,25964.127552059323
2016-12-05,8745.849321519681,25669.916474982165
2016-12-06,8436.444274767806,25118.270705462488
2016-12-07,8426.13077320941,25302.152628635715
2016-12-08,8436.444274767806,25743.469244251453
2016-12-09,8436.444274767806,25780.2456288861
2016-12-12,8395.190268534221,25669.916474982165
2016-12-13,8364.249763859034,25302.152628635715
2016-12-14,8591.146798143744,25596.363705712873
2016-12-15,8518.952287234972,25743.469244251453
2016-12-16,8622.08730281893,25817.022013520742
2016-12-19,8560.206293468556,25853.798398155388
2016-12-20,8518.952287234972,25706.692859616807
2016-12-21,8642.714305935722,25706.692859616807
2016-12-22,8766.476324636473,25669.916474982165
2016-12-23,8859.297838662034,26184.785859867192
2016-12-26,9034.627365154765,26552.549706213642
2016-12-27,8900.551844895619,26478.996936944353
2016-12-28,8993.37335892118,26184.785859867192
2016-12-29,8910.865346454015,26074.456705963257
2016-12-30,8900.551844895619,26074.456705963257
2017-01-03,9075.881371388348,27398.406552810477
2017-01-04,9075.881371388348,27214.52462963725
2017-01-05,9096.50837450514,27324.853783541184
2017-01-06,8952.119352687598,27876.49955306086
2017-01-09,8900.551844895619,28464.921707215177
2017-01-10,9044.940866713161,28244.263399407308
2017-01-11,9075.881371388348,28281.039784041954
2017-01-12,9003.686860479576,27876.49955306086
2017-01-13,8910.865346454015,27545.512091349054
2017-01-16,8663.341309052514,27471.959322079765
2017-01-17,8663.341309052514,28648.803630388404
2017-01-18,8580.833296585348,28170.71063013802
2017-01-19,8549.892791910159,27950.05232233015
2017-01-20,8704.595315286097,27950.05232233015
2017-01-23,8663.341309052514,28023.60509159944
2017-01-24,8663.341309052514,28391.36893794589
2017-01-25,8725.22231840289,28906.23832283092
2017-02-02,8807.730330870056,29016.567476734854
2017-02-03,8910.865346454015,28464.921707215177
2017-02-06,9096.50837450514,28464.921707215177
2017-02-07,9199.643390089099,28869.461938196273
2017-02-08,9209.956891647495,29237.225784542723
2017-02-09,9189.329888530703,29200.449399908077
2017-02-10,9148.075882297118,28906.23832283092
2017-02-13,9230.583894764286,28575.250861119115
2017-02-14,9302.778405673056,28464.921707215177
2017-02-15,9313.091907231452,28685.58001502305
2017-02-16,9220.27039320589,28391.36893794589
2017-02-17,9137.762380738723,28170.71063013802
2017-02-20,8663.341309052514,27913.275937695504
2017-02-21,8714.908816844494,28244.263399407308
2017-02-22,8292.055252950264,27876.49955306086
2017-02-23,8374.56326541743,27655.84124525299
2017-02-24,8343.622760742242,27545.512091349054
2017-02-27,8302.36875450866,28097.15786086873
2017-02-28,8250.80124671668,27508.73570671441
2017-03-01,8436.444274767806,27361.63016817583
2017-03-02,8663.341309052514,27140.97186036796
2017-03-03,8457.071277884597,27582.2884759837
2017-03-06,8498.32528411818,27435.18293744512
2017-03-07,8498.32528411818,27582.2884759837
2017-03-08,8508.638785676576,27729.39401452228
2017-03-09,8663.341309052514,27802.94678379157
2017-03-10,8683.968312169305,27582.2884759837
2017-03-13,8683.968312169305,27251.301014271896
2017-03-14,8673.65481061091,27251.301014271896
2017-03-15,8570.519795026952,27177.748245002607
2017-03-16,8622.08730281893,27288.077398906542
2017-03-17,8518.952287234972,27214.52462963725
2017-03-20,8632.400804377326,27619.064860618346
2017-03-21,8838.670835545243,27950.05232233015
2017-03-22,8745.849321519681,27729.39401452228
2017-03-23,8818.043832428451,28133.934245503373
2017-03-24,8879.924841778828,27950.05232233015
2017-03-27,8879.924841778828,27802.94678379157
2017-03-28,8859.297838662034,27508.73570671441
2017-03-29,8952.119352687598,27435.18293744512
2017-03-30,9266.68115021867,27361.63016817583
2017-03-31,9452.324178269795,27140.97186036796
2017-04-03,9885.491243722421,26773.20801402151
2017-04-04,9993.783010085577,27067.419091098673
2017-04-05,9730.788720346483,27104.195475733315
2017-04-07,9854.550739047234,27067.419091098673
2017-04-10,9885.491243722421,26993.86632182938
2017-04-11,9870.020991384828,27140.97186036796
2017-04-12,9777.199477359265,27067.419091098673
2017-04-13,9746.258972684078,27030.642706464027
2017-04-14,9560.615944632953,26736.431629386865
2017-04-17,9436.853925932202,26111.233090597903
2017-04-18,9359.502664244234,26368.66778304042
2017-04-19,9576.086196970546,26405.44416767506
2017-04-20,9421.383673594608,26037.680321328615
2017-04-21,9421.383673594608,26111.233090597903
2017-04-24,9297.621654893857,25817.022013520742
2017-04-25,9220.270393205888,25817.022013520742
2017-04-26,9034.627365154764,25780.2456288861
2017-04-27,9127.448879180327,25633.14009034752
2017-04-28,9096.50837450514,25817.022013520742
2017-05-03,9003.686860479576,26111.233090597903
2017-05-04,9034.627365154764,26699.655244752223
2017-05-05,9034.627365154764,26552.549706213642
2017-05-08,9019.15711281717,26295.115013771127
2017-05-09,9189.329888530701,26809.984398656157
2017-05-10,9282.151402556265,27030.642706464027
2017-05-11,9328.562159569046,27067.419091098673
2017-05-12,9189.329888530701,26809.984398656157
2017-05-15,9127.448879180327,26699.655244752223
2017-05-16,8972.74635580439,26515.773321578996
2017-05-17,8988.216608141982,26626.10247548293
2017-05-18,8818.043832428451,26736.431629386865
2017-05-19,8879.924841778826,27030.642706464027
2017-05-22,8941.805851129202,27582.2884759837
2017-05-23,8988.216608141982,27361.63016817583
2017-05-24,9081.038122167545,27766.170399156927
2017-05-25,9081.038122167545,27288.077398906542
2017-05-26,9034.627365154764,26993.86632182938
2017-05-29,9220.270393205888,26773.20801402151
2017-05-30,9081.038122167545,26699.655244752223
2017-05-31,9405.913421257015,26626.10247548293
2017-06-01,9374.972916581826,26699.655244752223
2017-06-02,9282.151402556265,26699.655244752223
2017-06-05,9266.68115021867,27361.63016817583
2017-06-06,9436.853925932202,28428.145322580534
2017-06-07,9715.31846800889,28170.71063013802
2017-06-08,9746.258972684078,27876.49955306086
2017-06-09,9730.788720346483,28244.263399407308
2017-06-12,9560.615944632953,28207.487014772665
2017-06-13,9715.31846800889,28354.592553311242
2017-06-14,9792.66972969686,28832.685553561627
2017-06-15,10024.723514760766,29053.343861369496
2017-06-16,10195.47429959811,29053.343861369496
2017-06-19,10079.804412892783,29200.449399908077
2017-06-20,10211.998569127441,29053.343861369496
2017-06-21,10112.852951951447,28428.145322580534
2017-06-22,10162.425760539445,28023.60509159944
2017-06-23,10178.950030068778,28023.60509159944
2017-06-26,10195.47429959811,28317.8161686766
2017-06-27,10129.37722148078,28133.934245503373
2017-06-28,10145.901491010112,27986.828706964796
2017-06-29,10294.619916774105,28097.15786086873
2017-06-30,10575.532498772756,28317.8161686766
2017-07-03,10906.017889359404,28612.027245753758
2017-07-04,10906.017889359404,28464.921707215177
2017-07-05,10872.96935030074,28575.250861119115
2017-07-06,11005.163506535398,28943.01470746556
2017-07-07,10906.017889359404,28464.921707215177
2017-07-10,10939.06642841807,28023.60509159944
2017-07-11,10872.96935030074,28170.71063013802
2017-07-12,10906.017889359404,27950.05232233015
2017-07-13,11104.309123711393,28097.15786086873
2017-07-14,11137.357662770059,28133.934245503373
2017-07-17,10856.445080771407,27729.39401452228
2017-07-18,10592.056768302089,27766.170399156927
2017-07-19,10509.435420655425,27655.84124525299
2017-07-20,10459.862612067429,27545.512091349054
2017-07-21,10377.241264420767,27214.52462963725
2017-07-24,10443.338342538096,27435.18293744512
2017-07-25,10575.532498772756,27435.18293744512
2017-07-26,10839.920811242075,27508.73570671441
2017-07-27,10724.250924536747,27471.959322079765
2017-07-28,10724.250924536747,27582.2884759837
2017-07-31,10674.678115948751,27766.170399156927
2017-08-01,10806.87227218341,28244.263399407308
2017-08-02,10674.678115948751,28023.60509159944
2017-08-03,10674.678115948751,28170.71063013802
2017-08-04,10575.532498772756,27986.828706964796
2017-08-07,10658.153846419418,27986.828706964796
2017-08-08,10674.678115948751,28244.263399407308
2017-08-09,10525.959690184758,27802.94678379157
2017-08-10,10575.532498772756,27729.39401452228
2017-08-11,10806.87227218341,27545.512091349054
2017-08-14,11236.503279946053,27692.617629887634
2017-08-15,11071.26058465273,27435.18293744512
2017-08-16,11319.124627592715,27582.2884759837
2017-08-17,11120.833393240726,27435.18293744512
2017-08-18,11153.881932299391,27582.2884759837
2017-08-21,10939.06642841807,27508.73570671441
2017-08-22,10988.639237006066,27140.97186036796
2017-08-23,11071.26058465273,27214.52462963725
2017-08-24,11137.357662770059,27251.301014271896
2017-08-25,11203.454740887388,27324.853783541184
2017-08-28,11368.697436180713,27545.512091349054
2017-08-29,11385.221705710044,27214.52462963725
2017-08-30,11517.415861944704,27214.52462963725
2017-08-31,11583.512940062034,27288.077398906542
2017-09-01,11600.037209591366,27545.512091349054
2017-09-05,11699.18282676736,28060.381476234084
2017-09-06,11897.47406111935,27950.05232233015
2017-09-07,11732.231365826026,27729.39401452228
2017-09-08,11880.949791590017,27729.39401452228
2017-09-11,11666.134287708695,27729.39401452228
2017-09-12,11715.707096296694,27986.828706964796
2017-09-13,12194.910912647334,27986.828706964796
2017-09-14,12128.813834530005,28170.71063013802
2017-09-15,12227.959451706,27950.05232233015
2017-09-18,12442.77495558732,27655.84124525299
2017-09-19,12558.444842292647,27508.73570671441
2017-09-20,12525.396303233983,27802.94678379157
2017-09-21,12393.202146999323,27839.723168426215
2017-09-22,12459.299225116652,27692.617629887634
2017-09-25,12393.202146999323,27582.2884759837
2017-09-26,12360.153607940658,27692.617629887634
2017-09-27,12459.299225116652,27729.39401452228
2017-09-28,12475.823494645985,27992.40994684995
2017-09-29,12855.881693820631,28255.42587923646
2017-10-02,12905.45450240863,28292.999583863104
2017-10-03,12822.833154761965,28255.42587923646
2017-10-04,13103.745736760618,29157.194790275924
2017-10-05,12822.833154761965,29082.047381022636
2017-10-06,12839.357424291298,29345.063313409144
2017-10-09,13037.648658643287,29608.079245795652
2017-10-10,13120.27000628995,29795.947768928876
2017-10-11,13070.697197701953,29570.50554116901
2017-10-12,13054.17292817262,29345.063313409144
2017-10-13,12872.405963349964,29570.50554116901
2017-10-16,12558.444842292647,29345.063313409144
2017-10-17,12888.930232879296,30810.43779384827
2017-10-18,12690.638998527307,30584.995566088404
2017-10-19,12492.347764175318,30434.70074758183
2017-10-20,12376.67787746999,30660.142975341692
2017-10-23,12261.007990764663,29983.816292062096
2017-10-24,12393.202146999323,30058.963701315384
2017-10-25,12343.629338411325,30622.56927071505
2017-10-26,12227.959451706,30509.848156835116
2017-10-27,12459.299225116652,31561.911886381153
2017-10-30,12161.862373588669,31486.764477127865
2017-10-31,12227.959451706,31111.02743086142
2017-11-01,11798.328443943356,31261.322249368
2017-11-02,11500.891592415372,30885.585203101557
2017-11-03,11963.57113923668,31486.764477127865
2017-11-06,12194.910912647334,31937.648932647597
2017-11-07,12194.910912647334,31900.075228020953
2017-11-08,12244.48372123533,32764.27043443377
2017-11-09,12244.48372123533,32388.533388167325
2017-11-10,12310.580799352661,32388.533388167325
2017-11-13,12112.289565000672,32613.975615927193
2017-11-14,12360.153607940658,32914.565252940345
2017-11-15,12806.308885232635,32764.27043443377
2017-11-16,12773.260346173969,33590.891936219945
2017-11-17,12624.541920409978,33365.44970846007
2017-11-20,12360.153607940658,33816.33416397981
2017-11-21,12409.726416528656,35093.84012128571
2017-11-22,12657.590459468642,36070.75644157846
2017-11-23,12624.541920409978,35995.60903232517
2017-11-24,12921.97877193796,35619.87198605873
2017-11-27,12971.551580525958,35995.60903232517
2017-11-28,13021.124389113955,36221.051260085034
2017-11-29,12988.075850055291,36822.230534111346
2017-11-30,13615.998092169923,36446.493487844906
2017-12-01,13715.143709345917,36296.19866933833
2017-12-04,13880.386404639243,37122.8201711245
2017-12-05,13748.192248404583,36145.903850831746
2017-12-06,13963.007752285905,36070.75644157846
2017-12-07,13863.86213510991,35770.166804565306
2017-12-08,13615.998092169923,35356.85605367222
2017-12-11,13285.512701583275,33515.74452696666
2017-12-12,13120.27000628995,33590.891936219945
2017-12-13,13318.561240641939,33064.86007144692
2017-12-14,13434.231127347266,34041.77639173967
2017-12-15,13781.240787463248,34567.80825651269
2017-12-18,14210.87179522589,35920.46162307188
2017-12-19,14409.16302957788,35882.88791844524
2017-12-20,14541.35718581254,36822.230534111346
2017-12-21,14574.405724871203,36446.493487844906
2017-12-22,14657.027072517867,38174.88390067054
2017-12-25,14491.784377224541,38625.76835619027
2017-12-26,14508.308646753874,38625.76835619027
2017-12-27,15004.036732633847,39452.38985797644
2017-12-28,15136.230888868507,40654.74840602906
2017-12-29,15483.240548984488,40805.043224535635
2018-01-02,15764.153130983139,41331.07508930865
2018-01-03,15731.104591924473,41255.92768005536
2018-01-04,15929.395826276463,41631.664726321804
2018-01-05,15863.298748159134,40579.60099677577
2018-01-08,16359.026834039107,41631.664726321804
2018-01-09,17482.677162033713,43961.23441317375
2018-01-10,17086.094693329735,43585.49736690731
2018-01-11,17086.094693329735,44186.67664093361
2018-01-12,17218.288849564393,43585.49736690731
2018-01-15,18044.502326031015,45088.44555197308
2018-01-16,18507.18187285232,45088.44555197308
2018-01-17,17714.016935444364,42232.844000348116
2018-01-18,18507.18187285232,43961.23441317375
2018-01-19,19729.977818022922,45839.919644505964
2018-01-22,21018.87084131085,47568.3100573316
2018-01-25,20324.85152107889,50874.796064476286
2018-01-26,21118.016458486847,51926.859794022326
2018-01-29,20324.85152107889,51100.23829223615
2018-01-30,20258.75444296156,50348.76419970327
2018-01-31,20589.23983354821,50048.17456269012
2018-02-01,20159.608825785566,50048.17456269012
2018-02-02,20192.65736484423,50649.35383671642
2018-02-05,18837.667263438972,47117.42560181186
2018-02-06,19168.15265402562,46591.393737038845
2018-02-07,19663.88073990559,47718.60487583817
2018-02-08,19729.977818022922,47267.720420318445
2018-02-09,19267.298271201613,45764.77223525267
2018-02-12,19432.54096649494,47718.60487583817
2018-02-13,20027.414669550908,48094.34192210461
2018-02-21,19829.12343519892,49747.58492567696
2018-02-22,19465.589505553602,50198.46938119669
2018-02-23,20357.900060137556,53655.25020684796
2018-02-26,21283.25915378017,54030.98725311441
2018-02-27,21184.113536604178,55007.90357340715
2018-02-28,21812.035778718808,55458.78802892689
2018-03-01,22043.375552129462,53730.39761610125
2018-03-02,21911.181395894804,53955.83984386111
2018-03-05,20390.94859919622,51100.23829223615
2018-03-06,21118.016458486847,53504.95538834138
2018-03-07,20192.65736484423,52302.59684028877
2018-03-08,20423.997138254883,52227.44943103548
2018-03-09,20324.85152107889,53354.66056983481
2018-03-12,20490.094216372214,54106.134662367695
2018-03-13,20324.85152107889,54106.134662367695
2018-03-14,20423.997138254883,55458.78802892689
2018-03-15,20027.414669550908,55458.78802892689
2018-03-16,19895.220513316246,56135.11471220648
2018-03-19,20853.628146017527,55834.52507519333
2018-03-20,20324.85152107889,55609.08284743346
2018-03-21,20820.57960695886,55233.345801167015
2018-03-22,20754.482528841534,54106.134662367695
2018-03-23,20291.802982020225,52528.03906804863
2018-03-26,19465.589505553602,54030.98725311441
2018-03-27,19630.83220084693,53354.66056983481
2018-03-28,19796.074896140253,52978.92352356837
2018-03-29,20093.511747668235,53354.66056983481
2018-03-30,19961.317591433577,52978.92352356837
2018-04-02,19498.638044612268,55609.08284743346
2018-04-03,19333.395349318944,55834.52507519333
2018-04-04,19498.638044612268,55233.345801167015
2018-04-05,19432.54096649494,55233.345801167015
2018-04-06,19961.317591433577,55233.345801167015
2018-04-09,20093.511747668235,55458.78802892689
2018-04-10,20093.511747668235,55984.8198936999
2018-04-11,19994.366130492243,53504.95538834138
2018-04-12,20390.94859919622,53279.51316058152
2018-04-13,20225.705903902894,51025.09088298286
2018-04-16,19862.17197425758,49522.142697917094
2018-04-17,19729.977818022922,50348.76419970327
2018-04-18,19498.638044612268,48695.521196130925
2018-04-19,18837.667263438972,45839.919644505964
2018-04-20,19432.54096649494,48094.34192210461
2018-04-23,18374.987716617663,44787.855914959924
2018-04-24,18507.18187285232,45088.44555197308
2018-04-26,17680.968396385702,43735.792185413884
2018-04-27,17780.114013561695,45088.44555197308
2018-05-02,17978.405247913684,43735.792185413884
2018-05-03,17945.35670885502,44787.855914959924
2018-05-04,17846.211091679026,44336.97145944019
2018-05-07,18507.18187285232,46666.54114629213
2018-05-08,18837.667263438972,45839.919644505964
2018-05-09,18837.667263438972,44712.708505706636
2018-05-10,18242.793560383005,42458.28622810798
2018-05-11,18408.03625567633,43510.34995765402
2018-05-14,18441.084794734994,43810.93959466717
2018-05-15,18308.890638500332,44111.529231680324
2018-05-16,17846.211091679026,42834.02327437442
2018-05-17,17515.725701092375,42683.728455867844
2018-05-18,17813.16255262036,42458.28622810798
2018-05-21,17581.822779209706,41857.106954081675
2018-05-22,16689.512224625756,40128.716541256035
2018-05-23,17086.094693329735,40955.33804304221
2018-05-24,17317.43446674039,40053.56913200275
2018-05-25,17218.288849564393,37573.70462664423
2018-05-28,16094.638521569788,35168.987530539
2018-05-29,17185.240310505727,37573.70462664423
2018-05-30,17449.628622975048,39076.65281171
2018-05-31,18540.230411910987,40654.74840602906
2018-06-01,18837.667263438972,42834.02327437442
2018-06-04,19829.12343519892,44562.41368720006
2018-06-05,19498.638044612268,44036.381822427036
2018-06-06,20093.511747668235,44412.11886869348
2018-06-07,20457.04567731355,44111.529231680324
2018-06-08,20258.75444296156,44863.00332421321
2018-06-11,20027.414669550908,44336.97145944019
2018-06-12,19663.88073990559,43585.49736690731
2018-06-13,20080.292332044766,45013.29814271979
2018-06-14,19710.148694587722,43660.644776160596
2018-06-15,19895.220513316246,44336.97145944019
2018-06-18,18599.717782216583,42458.28622810798
2018-06-19,17743.76062059716,42458.28622810798
2018-06-20,18507.18187285232,43660.644776160596
2018-06-21,18160.17221273634,42834.02327437442
2018-06-22,18946.72744233256,44111.529231680324
2018-06-25,19201.201193084282,44637.56109645335
2018-06-26,19016.129374355758,44562.41368720006
2018-06-27,18275.842099441667,43585.49736690731
2018-06-28,17975.100394007815,43510.34995765402
2018-06-29,17766.894597938226,43585.49736690731
2018-07-02,17766.894597938226,43660.644776160596
2018-07-03,16795.26754961348,42082.54918184154
2018-07-04,17165.411187070527,41781.95954482839
2018-07-05,16702.731640249218,39076.65281171
2018-07-06,17026.607323024135,41331.07508930865
2018-07-09,16517.659821520698,40579.60099677577
2018-07-10,16425.123912156436,39903.27431349617
2018-07-11,15916.176410652995,38475.47353768369
2018-07-12,15615.434705219146,39377.242448723155
2018-07-13,16471.391866838567,41180.780270802075
2018-07-16,16425.123912156436,41255.92768005536
2018-07-17,16702.731640249218,41932.25436333496
2018-07-18,17211.67914175266,43209.76032064087
2018-07-19,17211.67914175266,42683.728455867844
2018-07-20,16980.339368342004,42683.728455867844
2018-07-23,17096.00925504733,42533.43363736127
2018-07-24,16378.855957474303,42834.02327437442
2018-07-25,16425.123912156436,41556.517317068516
2018-07-26,16887.80345897774,42608.581046614556
2018-07-27,17257.94709643479,42458.28622810798
2018-07-30,17142.277209729462,43059.465502134284
2018-07-31,17281.081073775855,43961.23441317375
2018-08-01,17396.750960481182,44036.381822427036
2018-08-02,17234.813119093724,44336.97145944019
2018-08-03,16795.26754961348,43961.23441317375
2018-08-06,16725.865617590283,44336.97145944019
2018-08-07,16725.865617590283,46215.656690772405
2018-08-08,16980.339368342004,46666.54114629213
2018-08-09,16910.937436318807,46065.36187226583
2018-08-10,17119.143232388396,47718.60487583817
2018-08-13,17720.626643256095,47944.04710359804
2018-08-14,17813.162552620357,47192.57301106516
2018-08-15,17350.48300579905,45539.330007492805
2018-08-16,17350.48300579905,45539.330007492805
2018-08-17,17443.018915163313,46591.393737038845
2018-08-20,17234.813119093724,46140.50928151912
2018-08-21,17350.48300579905,47117.42560181186
2018-08-22,17581.822779209706,46516.24632778556
2018-08-23,17628.090733891837,47042.27819255857
2018-08-24,17743.76062059716,46591.393737038845
2018-08-27,18021.368348689946,47418.01523882502
2018-08-28,18460.91391817019,48094.34192210461
2018-08-29,18322.110054123797,47418.01523882502
2018-08-30,18345.244031464863,47944.04710359804
2018-08-31,18484.047895511256,46967.130783305285
2018-09-04,18044.50232603101,45839.919644505964
2018-09-05,17859.430507302488,45539.330007492805
2018-09-06,17882.564484643553,45313.88777973294
2018-09-07,18368.37800880593,46591.393737038845
2018-09-10,18137.038235395274,46591.393737038845
2018-09-11,18507.18187285232,47342.86782957173
2018-09-12,18275.842099441667,47042.27819255857
2018-09-13,18391.511986146994,47267.720420318445
2018-09-14,18275.842099441667,48094.34192210461
2018-09-17,18252.7081221006,47267.720420318445
2018-09-18,18252.7081221006,47568.3100573316
2018-09-19,18345.244031464863,47568.3100573316
2018-09-20,18923.593464991496,48394.931559117766
2018-09-21,19108.66528372002,48545.22637762434
2018-09-24,19108.66528372002,48996.11083314408
2018-09-25,19085.531306378954,48394.931559117766
2018-09-26,18969.861419673627,47944.04710359804
2018-09-27,19224.335170425347,47643.457466584885
2018-09-28,19571.34483054133,47342.86782957173
2018-10-01,19617.61278522346,46967.130783305285
2018-10-02,19108.66528372002,47342.86782957173
2018-10-03,19108.66528372002,47342.86782957173
2018-10-04,19154.93323840215,47342.86782957173
2018-10-05,19178.067215743216,47266.75389254884
2018-10-08,19062.39732903789,46886.18421547518
2018-10-09,18969.861419673627,46962.29815088991
2018-10-10,19154.93323840215,46962.29815088991
2018-10-11,18460.91391817019,43917.74073430061
2018-10-12,18877.325510309365,45592.24731342473
2018-10-15,18669.11971423978,44983.335830106866
2018-10-16,18854.1915329683,45059.449765521604
2018-10-17,18969.861419673627,45059.449765521604
2018-10-18,18969.861419673627,44146.08254054481
2018-10-19,18854.1915329683,43917.74073430061
2018-10-22,18553.449827534452,43461.05712181222
2018-10-23,18275.842099441667,42471.5759614207
2018-10-24,18137.038235395274,42243.2341551765
2018-10-25,18044.50232603101,41710.436607273376
2018-10-26,17998.23437134888,40720.95544688185
2018-10-29,17975.100394007815,40264.27183439346
2018-10-30,17905.69846198462,41253.752994784976
2018-10-31,18622.85175955765,42319.34809059124
2018-11-01,18322.110054123797,41862.66447810284
2018-11-02,18507.18187285232,42776.03170307963
2018-11-05,18507.18187285232,43004.37350932383
2018-11-06,18322.110054123797,42471.5759614207
2018-11-07,18113.90425805421,42243.2341551765
2018-11-08,17998.23437134888,42395.46202600597
2018-11-09,17396.750960481182,41329.866930199714
2018-11-12,17373.616983140117,41558.20873644391
2018-11-13,17072.875277706265,40797.069382296584
2018-11-14,16563.927776202825,40492.61364063765
2018-11-15,16193.784138745781,40644.84151146712
2018-11-16,16286.320048110041,40492.61364063765
2018-11-19,16401.98993481537,41101.525123955515
2018-11-20,16887.80345897774,40949.29725312605
2018-11-21,16887.80345897774,42167.12021976177
2018-11-22,16563.927776202825,41710.436607273376
2018-11-23,16448.2578894975,41101.525123955515
2018-11-26,16471.391866838567,41101.525123955515
2018-11-27,16471.391866838567,40644.84151146712
2018-11-28,16286.320048110041,41938.77841351757
2018-11-29,15823.640501288734,41862.66447810284
2018-11-30,15360.960954467426,42167.12021976177
2018-12-03,16101.24822938152,44146.08254054481
2018-12-04,16008.712320017257,43841.62679888588
2018-12-05,16332.588002792172,43993.85466971535
2018-12-06,16008.712320017257,43308.82925098276
2018-12-07,16031.846297358323,43537.17105722695
2018-12-10,15615.434705219146,43308.82925098276
2018-12-11,15476.630841172753,43232.71531556802
2018-12-12,15546.03277319595,44146.08254054481
2018-12-13,15731.104591924472,43841.62679888588
2018-12-14,15499.764818513819,43004.37350932383
2018-12-17,14990.81731701038,41710.436607273376
2018-12-18,14389.33390614268,41938.77841351757
2018-12-19,13741.582540592848,41405.980865614445
2018-12-20,13857.252427298175,41558.20873644391
2018-12-21,13857.252427298175,41482.094801029176
2018-12-24,14111.726178049894,40416.49970522292
2018-12-25,14065.458223367763,40112.04396356399
2018-12-26,14019.190268685632,40188.15789897872
2018-12-27,14319.931974119483,40720.95544688185
2018-12-28,14319.931974119483,40720.95544688185
2019-01-02,14250.530042096287,40797.069382296584
2019-01-03,13649.046631228586,40797.069382296584
2019-01-04,13741.582540592848,41405.980865614445
2019-01-07,13579.64469920539,41558.20873644391
2019-01-08,13348.304925794737,41862.66447810284
2019-01-09,13649.046631228586,42471.5759614207
2019-01-10,13787.850495274979,41862.66447810284
2019-01-11,13579.64469920539,42014.892348932306
2019-01-14,13556.510721864324,42091.00628434704
2019-01-15,13556.510721864324,42547.68989683543
2019-01-16,13625.91265388752,42167.12021976177
2019-01-17,13371.438903135802,42014.892348932306
2019-01-18,13510.242767182193,41710.436607273376
2019-01-21,13672.180608569652,42471.5759614207
2019-01-22,13649.046631228586,42014.892348932306
2019-01-23,13903.520381980306,42167.12021976177
2019-01-24,13810.984472616045,42167.12021976177
2019-01-25,13741.582540592848,42471.5759614207
2019-01-28,13764.716517933914,42243.2341551765
2019-01-29,13741.582540592848,43156.60138015329
2019-01-30,13417.706857817931,43156.60138015329
2019-01-31,12816.223446950233,43232.71531556802
2019-02-01,12631.151628221709,43004.37350932383
2019-02-11,13371.438903135802,44222.19647595954
2019-02-12,13649.046631228586,44602.766153033204
2019-02-13,14296.797996778418,45516.133378009996
2019-02-14,14343.065951460549,45820.589119668926
2019-02-15,14620.673679553332,45135.563700936334
2019-02-18,14875.147430305053,45668.36124883946
2019-02-19,14666.941634235463,44907.221894692135
2019-02-20,14898.281407646118,44983.335830106866
2019-02-21,15129.621181056771,45744.475184254195
2019-02-22,15684.83663724234,47190.63995713411
2019-02-25,16101.24822938152,48256.23505294036
2019-02-26,15962.444365335126,47951.77931128143
2019-02-27,15916.176410652995,47114.52602171938
2019-02-28,15546.03277319595,46048.930925913126
2019-03-01,15846.774478629799,47342.86782796357
2019-03-04,16355.721980133238,47799.55144045197
2019-03-05,16216.918116086847,47951.77931128143
2019-03-06,16193.784138745781,47723.43750503724
2019-03-07,15777.372546606603,48027.89324669616
2019-03-08,15707.970614583406,47799.55144045197
2019-03-11,15638.568682560212,47647.3235696225
2019-03-12,15661.702659901277,49321.830148746616
2019-03-13,15893.04243331193,49626.28589040555
2019-03-14,15823.640501288734,50996.33672787073
2019-03-15,14759.477543599725,50235.19737372341
2019-03-18,14736.34356625866,51453.02034035913
2019-03-19,14759.477543599725,50844.10885704127
2019-03-20,14944.54936232825,50767.99492162653
2019-03-21,14805.745498281856,50691.8809862118
2019-03-22,14782.61152094079,50920.222792456
2019-03-25,14528.137770189072,49854.627696649746
2019-03-26,14620.673679553332,49854.627696649746
2019-03-27,14967.683339669315,49854.627696649746
2019-03-28,15013.951294351446,50767.99492162653
2019-03-29,14898.281407646118,51224.67853411493
2019-04-01,14782.61152094079,51605.24821118859
2019-04-02,14852.013452963987,51376.90640494439
2019-04-03,14852.013452963987,51148.5645987002
2019-04-04,14990.81731701038,51529.13427577386
2019-04-05,15037.085271692511,51833.59001743279
2019-04-08,14990.81731701038,53051.412984068505
2019-04-09,14852.013452963987,53127.526919483236
2019-04-10,14782.61152094079,52442.501500750644
2019-04-11,14782.61152094079,52138.04575909172
2019-04-12,14828.879475622922,51757.47608201805
2019-04-16,14690.075611576529,51300.79246952966
2019-04-17,14620.673679553332,51757.47608201805
2019-04-18,14481.869815506941,51681.36214660332
2019-04-19,14620.673679553332,51757.47608201805
2019-04-22,14736.34356625866,51681.36214660332
2019-04-23,14759.477543599725,51376.90640494439
2019-04-24,15430.362886490622,52138.04575909172
2019-04-25,15314.692999785295,51529.13427577386
2019-04-26,15546.03277319595,51681.36214660332
2019-05-02,15731.104591924472,50920.222792456
2019-05-03,15800.506523947668,50767.99492162653
2019-05-06,15476.630841172753,50463.53917996761
2019-05-07,15499.764818513819,49930.74163206448
2019-05-08,15337.82697712636,49550.171954990816
2019-05-09,15222.157090421033,49854.627696649746
2019-05-10,15199.023113079968,49930.74163206448
2019-05-13,14828.879475622922,50159.08343830868
2019-05-14,14990.81731701038,50691.8809862118
2019-05-15,14990.81731701038,50844.10885704127
2019-05-16,14944.54936232825,50844.10885704127
2019-05-17,14921.415384987184,50844.10885704127
2019-05-20,15175.889135738902,51605.24821118859
2019-05-21,15222.157090421033,51529.13427577386
2019-05-22,15268.425045103164,51148.5645987002
2019-05-23,15152.755158397837,51453.02034035913
2019-05-24,14875.147430305053,50615.76705079707
2019-05-27,14898.281407646118,51300.79246952966
2019-05-28,14828.879475622922,51300.79246952966
2019-05-29,15037.085271692511,51376.90640494439
2019-05-30,14805.745498281856,51529.13427577386
2019-05-31,14852.013452963987,51148.5645987002
2019-06-03,14574.405724871202,50615.76705079707
2019-06-04,14616.046884085119,51148.5645987002
2019-06-05,14315.30517865127,50767.99492162653
2019-06-06,13653.6734266968,50159.08343830868
2019-06-07,13804.044279413725,49930.74163206448
2019-06-10,13773.970108870339,50767.99492162653
2019-06-11,13834.11844995711,51300.79246952966
2019-06-12,13894.26679104388,50996.33672787073
2019-06-13,13834.11844995711,51224.67853411493
2019-06-14,13804.044279413725,52670.843306994844
2019-06-17,13503.302573979874,52670.843306994844
2019-06-18,13864.192620500495,53508.096596556905
2019-06-19,14345.379349194654,53127.526919483236
2019-06-20,14195.008496477729,54421.46382153369
2019-06-21,14255.1568375645,54040.89414446003
2019-06-24,14044.637643760805,55563.17285275468
2019-06-25,13894.26679104388,55106.48924026628
2019-06-26,13773.970108870339,53660.32446738637
2019-06-27,13563.450915066644,52899.185113239044
2019-06-28,14134.86015539096,53660.32446738637
2019-07-01,13834.11844995711,54269.23595070423
2019-07-02,13593.525085610028,53660.32446738637
2019-07-03,13322.857550719564,52975.299048653775
2019-07-04,13413.08006234972,55182.60317568101
2019-07-05,13413.08006234972,55258.71711109575
2019-07-08,13082.264186372484,54269.23595070423
2019-07-09,12841.670822025404,54725.91956319262
2019-07-10,12841.670822025404,55182.60317568101
2019-07-11,12961.967504198943,56324.312206902
2019-07-12,13172.486698002638,56095.9704006578
2019-07-15,12901.819163112174,57085.451561049325
2019-07-16,12992.04167474233,58759.95814017344
2019-07-17,12841.670822025404,57998.81878602612
2019-07-18,12601.077457678324,58151.04665685558
2019-07-19,12390.55826387463,60130.00897763862
2019-07-22,12480.780775504783,60130.00897763862
2019-07-23,13052.1900158291,60053.89504222389
2019-07-24,12961.967504198943,58531.61633392924
2019-07-25,13473.22840343649,59140.5278172471
2019-07-26,13563.450915066644,59749.43930056496
2019-07-29,13292.783380176179,61652.287685933275
2019-07-30,12931.893333655558,61347.831944274345
2019-07-31,13563.450915066644,61043.376202615415
2019-08-01,13593.525085610028,61271.71800885961
2019-08-02,13503.302573979874,60206.122913053354
2019-08-05,13322.857550719564,58912.1860110029
2019-08-06,13082.264186372484,58074.93272144085
2019-08-07,13292.783380176179,59673.32536515023
2019-08-08,14014.56347321742,59749.43930056496
2019-08-09,13894.26679104388,59749.43930056496
2019-08-12,14195.008496477729,59140.5278172471
2019-08-13,14104.785984847575,58074.93272144085
2019-08-14,14104.785984847575,58074.93272144085
2019-08-15,13984.489302674034,60130.00897763862
2019-08-16,13864.192620500495,59292.75568807657
2019-08-19,13864.192620500495,58455.50239851451
2019-08-20,13773.970108870339,58531.61633392924
2019-08-21,13954.415132130649,60891.148331785946
2019-08-22,13864.192620500495,60891.148331785946
2019-08-23,14074.71181430419,60282.23684846809
2019-08-26,13713.82176778357,59216.64175266183
2019-08-27,13473.22840343649,58227.16059227031
2019-08-28,13383.005891806333,58607.73026934398
2019-08-29,13322.857550719564,58455.50239851451
2019-08-30,13352.931721262948,59140.5278172471
2019-09-03,13022.115845285714,59216.64175266183
2019-09-04,12992.04167474233,58836.07207558817
2019-09-05,13052.1900158291,59064.41388183237
2019-09-06,12871.744992568789,58836.07207558817
2019-09-09,12751.448310395248,58759.95814017344
2019-09-10,12811.59665148202,59140.5278172471
2019-09-11,13262.709209632794,59521.09749432076
2019-09-12,13563.450915066644,60510.578654712284
2019-09-13,13593.525085610028,62337.31310466587
2019-09-16,13623.599256153415,61652.287685933275
2019-09-17,13653.6734266968,61728.401621348006
2019-09-18,13834.11844995711,61347.831944274345
2019-09-19,13804.044279413725,62032.85736300694
2019-09-20,13623.599256153415,61652.287685933275
2019-09-23,13232.63503908941,60130.00897763862
2019-09-24,13322.857550719564,61347.831944274345
2019-09-25,13172.486698002638,61423.945879689076
2019-09-26,13383.005891806333,61652.287685933275
2019-09-27,13322.857550719564,63098.45245881319
2019-09-30,13202.560868546025,62489.54097549533
2019-10-01,13172.486698002638,63479.02213588685
2019-10-02,13082.264186372484,62413.4270400806
2019-10-03,12961.967504198943,62413.4270400806
2019-10-04,12841.670822025404,63174.56639422792
2019-10-07,12811.59665148202,63022.33852339846
2019-10-08,13172.486698002638,64772.959037937304
2019-10-09,13172.486698002638,64316.275425448905
2019-10-10,12931.893333655558,64392.38936086364
2019-10-11,12931.893333655558,64925.186908766766
2019-10-14,12901.819163112174,64696.84510252257
2019-10-15,12841.670822025404,64849.072973352035
2019-10-16,12811.59665148202,65534.09839208463
2019-10-17,12871.744992568789,64849.072973352035
2019-10-18,12871.744992568789,64696.84510252257
2019-10-21,12751.448310395248,64087.93361920471
2019-10-22,12992.04167474233,65001.300844181496
2019-10-23,13142.412527459253,64925.186908766766
2019-10-24,13232.63503908941,66143.00987540248
2019-10-25,13112.338356915869,66980.26316496455
2019-10-28,13352.931721262948,66523.57955247615
2019-10-29,13352.931721262948,65762.44019832883
2019-10-30,13232.63503908941,66828.03529413507
2019-10-31,13112.338356915869,66751.92135872034
2019-11-01,13172.486698002638,67589.17464828241
2019-11-04,13082.264186372484,70024.82058155384
2019-11-05,13172.486698002638,69111.45335657705
2019-11-06,13232.63503908941,69263.68122740652
2019-11-07,13653.6734266968,69492.02303365071
2019-11-08,13653.6734266968,69644.25090448018
2019-11-11,13713.82176778357,69492.02303365071
2019-11-12,13834.11844995711,69796.47877530965
2019-11-13,13623.599256153415,68883.11155033285
2019-11-14,13623.599256153415,69187.56729199179
2019-11-15,13623.599256153415,68274.200067015
2019-11-18,13773.970108870339,66675.80742330561
2019-11-19,13713.82176778357,69263.68122740652
2019-11-20,13473.22840343649,68121.97219618552
2019-11-21,13232.63503908941,66599.69348789088
2019-11-22,13292.783380176179,65077.414779596234
2019-11-25,13383.005891806333,64316.275425448905
2019-11-26,13623.599256153415,64468.50329627837
2019-11-27,13593.525085610028,65686.3262629141
2019-11-28,13593.525085610028,64925.186908766766
2019-11-29,13743.895938326954,64925.186908766766
2019-12-02,13804.044279413725,63555.13607130158
2019-12-03,14104.785984847575,62413.4270400806
2019-12-04,14104.785984847575,64468.50329627837
2019-12-05,13894.26679104388,64544.617231693104
2019-12-06,14345.379349194654,64620.731167107835
2019-12-09,14555.89854299835,64849.072973352035
2019-12-10,14676.19522517189,65001.300844181496
2019-12-11,14676.19522517189,65381.870521255165
2019-12-12,14555.89854299835,66599.69348789088
2019-12-13,14315.30517865127,67284.71890662347
2019-12-16,14285.231008107885,65457.984456669896
2019-12-17,13924.340961587264,64925.186908766766
2019-12-18,13563.450915066644,65990.78200457302
2019-12-19,13713.82176778357,66980.26316496455
2019-12-20,13834.11844995711,67208.60497120874
2019-12-23,13864.192620500495,69187.56729199179
2019-12-24,13954.415132130649,68502.5418732592
2019-12-25,13924.340961587264,68426.42793784446
2019-12-26,13834.11844995711,68045.8582607708
2019-12-27,14164.934325934344,68883.11155033285
2019-12-30,14225.082667021115,69881.41751384207
2019-12-31,14134.86015539096,69267.07538185225
2020-01-02,14435.60186082481,69727.83198084461
2020-01-03,14525.824372454965,69036.69708235607
2020-01-06,14435.60186082481,67193.6706863866
2020-01-07,14255.1568375645,67424.04898588278
2020-01-08,14104.785984847575,66809.70685389296
2020-01-09,14435.60186082481,68115.18388437133
2020-01-10,14555.89854299835,68729.52601636115
2020-01-13,14585.972713541734,68652.73324986243
2020-01-14,15037.085271692511,68652.73324986243
2020-01-15,15127.307783322665,68575.9404833637
2020-01-16,15217.53029495282,68729.52601636115
2020-01-17,15037.085271692511,72569.16434129752
2020-01-20,15337.82697712636,72185.20050880389
2020-01-21,15548.346170930055,72185.20050880389
2020-01-22,15819.01370582052,71724.44390981153
2020-01-30,15217.53029495282,68268.76941736879
2020-01-31,14495.75020191158,68115.18388437133
2020-02-03,14766.417736802045,68115.18388437133
2020-02-04,14796.49190734543,68959.90431585733
2020-02-05,14706.269395715275,68268.76941736879
2020-02-06,15157.38195386605,68652.73324986243
2020-02-07,14646.121054628506,69113.48984885479
2020-02-10,14646.121054628506,68268.76941736879
2020-02-11,14195.008496477729,68499.14771686497
2020-02-12,14315.30517865127,68652.73324986243
2020-02-13,14255.1568375645,68575.9404833637
2020-02-14,14255.1568375645,68575.9404833637
2020-02-17,14285.231008107885,68652.73324986243
2020-02-18,14014.56347321742,68652.73324986243
2020-02-19,13984.489302674034,68729.52601636115
2020-02-20,14285.231008107885,68729.52601636115
2020-02-21,14164.934325934344,68345.56218386751
2020-02-24,13653.6734266968,66963.29238689042
2020-02-25,13894.26679104388,66195.36472190314
2020-02-26,13683.747597240184,65273.85152391841
2020-02-27,13804.044279413725,64505.923858931135
2020-02-28,13443.154232893105,63277.2395949515
2020-03-02,13413.08006234972,62816.48299595913
2020-03-03,13413.08006234972,63123.65406195404
2020-03-04,13443.154232893105,62739.69022946041
2020-03-05,13443.154232893105,63814.78896044259
2020-03-06,13473.22840343649,64889.887691424774
2020-03-09,12540.929116591553,60359.11446799985
2020-03-10,13022.115845285714,61357.42043248331
2020-03-11,12360.484093331243,59130.43020402021
2020-03-12,11578.555659203234,55060.41357958765
2020-03-13,11458.258977029693,54522.86421409656
2020-03-16,11488.333147573077,51527.94632064618
2020-03-17,11548.481488659847,51835.11738664109
2020-03-18,11849.223194093698,53217.387183618186
2020-03-19,11518.407318116462,50683.22588916018
2020-03-20,11187.591442139228,47227.55139671744
2020-03-23,10405.663008011217,43925.46243727216
2020-03-24,10285.366325837676,44539.80456926198
2020-03-25,10706.404713445067,47611.51522921108
2020-03-26,10195.143814207522,48533.02842719581
2020-03-27,9744.031256056747,49224.163325684356
2020-03-30,9834.253767686901,46843.5875642238
2020-03-31,10134.995473120753,47611.51522921108
2020-04-01,10375.588837467832,49915.298224172904
2020-04-03,10616.182201814912,50299.26205666654
2020-04-06,11337.962294856152,52219.08121913473
2020-04-07,11428.184806486308,52372.66675213219
2020-04-08,11247.739783225998,51835.11738664109
2020-04-09,11157.517271595843,54522.86421409656
2020-04-10,11307.888124312767,54215.69314810164
2020-04-13,11638.704000290003,54369.2786810991
2020-04-14,11999.594046810624,53678.143782610554
2020-04-15,12089.816558440778,54446.07144759783
2020-04-16,12180.039070070934,54676.44974709401
2020-04-17,12450.706604961399,54830.03528009147
2020-04-20,12751.448310395248,55213.99911258511
2020-04-21,12149.964899527547,54906.82804659019
2020-04-22,12510.854946048168,53217.387183618186
2020-04-23,12992.04167474233,53140.594417119464
2020-04-24,13292.783380176179,52910.21611762328
2020-04-27,13202.560868546025,51297.56802115
2020-04-28,12871.744992568789,51451.15355414746
2020-04-29,12931.893333655558,52219.08121913473
2020-05-04,12631.151628221709,51758.32462014237
2020-05-05,12871.744992568789,51297.56802115
2020-05-06,13352.931721262948,51911.91015313982
2020-05-07,14195.008496477729,53524.558249613096
2020-05-08,14074.71181430419,56442.683376564746
2020-05-11,14405.527690281424,57210.61104155202
2020-05-12,14225.082667021115,58055.33147303802
2020-05-13,14495.75020191158,58055.33147303802
2020-05-14,14405.527690281424,58362.50253903293
2020-05-15,14134.86015539096,58362.50253903293
2020-05-18,15097.23361277928,60282.321701501125
2020-05-19,15728.791194190366,60666.285533994764
2020-05-20,15909.236217450676,61127.042132987124
2020-05-21,15939.31038799406,62355.72639696677
2020-05-22,16390.422946144838,62202.14086396931
2020-05-25,16420.49711668822,62278.93363046804
2020-05-26,17082.128868642692,63354.03236145023
2020-05-27,16360.348775601451,63661.203427445136
2020-05-28,16360.348775601451,64889.887691424774
2020-05-29,16480.64545777499,65427.43705691587
2020-06-01,16631.016310491916,66425.74302139932
2020-06-02,16270.126263971297,66502.53578789806
2020-06-03,16209.977922884525,67500.84175238152
2020-06-04,15999.45872908083,68345.56218386751
2020-06-05,16270.126263971297,68345.56218386751
2020-06-08,16661.090481035302,68652.73324986243
2020-06-09,16300.200434514682,68729.52601636115
2020-06-10,16240.05209342791,68806.31878285987
2020-06-11,15337.82697712636,67577.63451888024
2020-06-12,15939.31038799406,65734.60812291078
2020-06-15,15277.67863603959,62970.06852895659
2020-06-16,15758.86536473375,64275.545559434955
2020-06-17,15788.939535277135,64659.509391928594
2020-06-18,16119.755411254371,65273.85152391841
2020-06-19,16450.571287231607,65581.02258991332
2020-06-22,16420.49711668822,65657.81535641204
2020-06-23,16240.05209342791,66041.77918890568
2020-06-24,16240.05209342791,65043.47322442223
2020-06-25,16420.49711668822,64275.545559434955
2020-06-26,16360.348775601451,63968.374493440046
2020-06-29,16029.532899624215,62586.10469646295
2020-06-30,16119.755411254371,61664.59149847822
2020-07-01,16480.64545777499,63507.61789444768
2020-07-02,16600.942139948533,63430.82512794895
2020-07-03,16540.79379886176,63737.996193943865
2020-07-06,16600.942139948533,63661.203427445136
2020-07-07,17052.054698099306,64045.167259938775
2020-07-08,16871.609674838997,63737.996193943865
2020-07-09,16931.758015925767,64198.752792936226
2020-07-10,16691.164651578685,63507.61789444768
2020-07-13,16631.016310491916,63661.203427445136
2020-07-14,16781.38716320884,63737.996193943865
2020-07-15,16871.609674838997,64121.9600264375
2020-07-16,17202.42555081623,64121.9600264375
2020-07-17,17172.351380272845,63584.41066094641
2020-07-20,16841.53550429561,63123.65406195404
2020-07-21,16901.68384538238,63354.03236145023
2020-07-22,16901.68384538238,63354.03236145023
2020-07-23,16961.83218646915,63354.03236145023
2020-07-24,16149.829581797756,62202.14086396931
2020-07-27,15608.494512016825,59130.43020402021
2020-07-28,16450.571287231607,60282.321701501125
2020-07-29,15991.058122324823,59514.39403651385
2020-07-30,16248.38549440821,59437.60127001512
2020-07-31,15954.297069170052,58669.67360502784
2020-08-03,16836.562344884525,60512.700000997305
2020-08-04,16910.084451194063,62893.27576245786
2020-08-05,17718.827620598997,63507.61789444768
2020-08-06,17682.066567444228,63584.41066094641
2020-08-07,17792.34972690854,63661.203427445136
2020-08-10,17865.871833218076,62893.27576245786
2020-08-11,17829.110780063307,63046.86129545532
2020-08-12,17865.871833218076,63046.86129545532
2020-08-13,18012.916045837155,63737.996193943865
2020-08-14,17718.827620598997,62970.06852895659
2020-08-17,17865.871833218076,63200.44682845277
2020-08-18,17755.58867375377,63200.44682845277
2020-08-19,17829.110780063307,63737.996193943865
2020-08-20,17718.827620598997,63737.996193943865
2020-08-21,17902.63288637285,63661.203427445136
2020-08-24,18233.482364765776,64429.13109243241
2020-08-25,18049.677098991924,64429.13109243241
2020-08-26,17792.34972690854,64121.9600264375
2020-08-27,17865.871833218076,64121.9600264375
2020-08-28,17865.871833218076,64045.167259938775
2020-08-31,18049.677098991924,63737.996193943865
2020-09-01,18233.482364765776,63737.996193943865
2020-09-03,18380.52657738485,66195.36472190314
2020-09-04,18343.765524230083,65197.05875741968
2020-09-07,18012.916045837155,64198.752792936226
2020-09-08,18123.199205301466,63354.03236145023
2020-09-09,18012.916045837155,63123.65406195404
2020-09-10,18049.677098991924,63046.86129545532
2020-09-11,17976.154992682386,63200.44682845277
2020-09-14,18086.438152146697,63737.996193943865
2020-09-15,18159.960258456234,63354.03236145023
2020-09-16,18159.960258456234,63661.203427445136
2020-09-17,18674.61500262301,63354.03236145023
2020-09-18,18895.18132155163,63661.203427445136
2020-09-21,18895.18132155163,63737.996193943865
2020-09-22,18784.89816208732,64505.923858931135
2020-09-23,18968.703427861168,65581.02258991332
2020-09-24,18858.420268396858,66118.57195540442
2020-09-25,18931.9423747064,66041.77918890568
2020-09-28,19409.836065718406,66041.77918890568
2020-09-29,19373.075012563637,64966.6804579235
2020-09-30,19409.836065718406,64582.716625429865
2020-10-01,19850.96870357564,65120.26599092096
2020-10-02,19630.402384647023,64505.923858931135
2020-10-05,20108.29607565903,64121.9600264375
2020-10-06,20769.995032444884,64429.13109243241
2020-10-07,20439.145554051956,65273.85152391841
2020-10-08,20659.711872980573,65120.26599092096
2020-10-09,20953.80029821873,65120.26599092096
2020-10-12,20769.995032444884,65964.98642240696
2020-10-13,20586.189766671036,66425.74302139932
2020-10-14,20843.517138754425,67731.2200518777
2020-10-15,21358.1718829212,68038.39111787261
2020-10-16,21394.93293607597,67731.2200518777
2020-10-19,21247.88872345689,67193.6706863866
2020-10-20,21578.738201849817,67347.25621938406
2020-10-21,21394.93293607597,66195.36472190314
2020-10-22,21762.543467623665,66502.53578789806
2020-10-23,22718.33084964768,67193.6706863866
2020-10-26,22644.80874333814,66041.77918890568
2020-10-27,23085.941381195375,66041.77918890568
2020-10-28,22350.720318099982,64659.509391928594
2020-10-29,22497.76453071906,64198.752792936226
2020-10-30,22461.00347756429,63737.996193943865
2020-11-02,22497.76453071906,65888.19365590824
2020-11-03,22571.2866370286,65273.85152391841
2020-11-04,22534.52558387383,65273.85152391841
2020-11-05,22240.437158635672,65273.85152391841
2020-11-06,22350.720318099982,65273.85152391841
2020-11-09,23159.463487504916,65657.81535641204
2020-11-10,23012.419274885837,65350.64429041714
2020-11-11,23012.419274885837,65197.05875741968
2020-11-12,23122.702434350143,66348.9502549006
2020-11-13,23490.312965897843,66732.91408739424
2020-11-16,23710.87928482646,65888.19365590824
2020-11-17,24519.622454231394,67270.46345288533
2020-11-18,25438.648783100638,67270.46345288533
2020-11-19,25879.781420957872,69267.07538185225
2020-11-20,26247.39195250557,71033.30901132298
2020-11-23,27570.78986607728,70342.17411283443
2020-11-24,27570.78986607728,70956.51624482425
2020-11-25,26173.86984619603,71801.23667631026
2020-11-26,25806.259314648334,72185.20050880389
2020-11-27,26651.763537208037,72569.16434129752
2020-11-30,26100.347739886492,71417.27284381662
2020-12-01,26173.86984619603,70649.34517882935
2020-12-02,25953.303527267413,71801.23667631026
2020-12-03,27092.896175065274,71801.23667631026
2020-12-04,27166.418281374812,69958.21028034079
2020-12-07,28085.444610244056,71494.06561031535
2020-12-08,28232.488822863135,71494.06561031535
2020-12-09,28306.010929172673,74105.01967127208
2020-12-10,27644.31197238682,74642.56903676318
2020-12-11,28526.577248101294,74642.56903676318
2020-12-14,28857.42672649422,76715.97373222881
2020-12-15,28379.533035482214,75103.32563575554
2020-12-16,28526.577248101294,76715.97373222881
2020-12-17,27681.073025541587,73721.05583877844
2020-12-18,28379.533035482214,75948.04606724154
2020-12-21,28342.771982327442,76567.3981222345
2020-12-22,28930.94883280376,75793.20805022
2020-12-23,29408.842523815765,75483.5320214142
2020-12-24,29372.081470660996,75328.69400701129
2020-12-25,29960.25832113731,75560.95102861564
2020-12-28,30548.435171613626,75870.62705742144
2020-12-29,30585.196224768395,76799.65514383886
2020-12-30,30070.54148060162,75793.20805022
2020-12-31,30474.913065304085,75793.20805022
2021-01-04,31099.85096893517,76644.81712943595
2021-01-05,31136.612022089943,76877.0741510403
2021-01-06,31467.46150048287,81289.95756152298
2021-01-07,31467.46150048287,82838.337705552
2021-01-08,31430.700447328098,81135.11954712008
2021-01-11,31651.26676625672,80902.86252551572
2021-01-12,33011.425732983196,81754.47160473168
2021-01-13,32864.38152036412,81135.11954712008
2021-01-14,32680.57625459027,80438.34848230702
2021-01-15,32717.337307745038,79896.41543189686
2021-01-18,32790.859414054576,79973.83443909833
2021-01-19,30585.196224768395,76644.81712943595
2021-01-20,30658.718331077936,76722.23613663741
2021-01-21,32496.77098881642,79741.57741749397
2021-01-22,32092.399404113952,79741.57741749397
2021-01-25,32129.160457268725,79354.48238148671
2021-01-26,31099.85096893517,78115.77826626351
2021-01-27,29629.408842744382,75406.11301421275
2021-01-28,27570.78986607728,70141.62052451412
2021-01-29,28783.90462018468,71999.67669734893
2021-02-01,28195.727769708366,70528.71556052136
2021-02-02,29776.45305536346,74709.34194939969
2021-02-03,30879.284650006553,76567.3981222345
2021-02-04,30732.240437387474,76567.3981222345
2021-02-05,31246.89518155425,77419.00720145045
2021-02-08,30070.54148060162,72851.28577656488
2021-02-09,30732.240437387474,75251.27499980984
2021-02-17,31945.355191494873,77419.00720145045
2021-02-18,32239.44361673303,78967.38734547947
2021-02-19,31945.355191494873,78425.45429506931
2021-02-22,31908.594138340104,77883.52124465916
2021-02-23,31835.072032030566,77419.00720145045
2021-02-24,32055.638350959183,75948.0460646229
2021-02-25,32460.009935661652,76025.46507182435
2021-02-26,33526.080477149975,76025.46507182435
2021-03-01,33967.21311500721,76799.65514383886
2021-03-02,34334.823646554905,76877.0741510403
2021-03-03,34408.34575286444,76180.30308622724
2021-03-04,33746.64679607859,75328.69400701129
2021-03-05,33820.168902388126,74631.92294219825
2021-03-08,34040.73522131675,73702.89485578083
2021-03-09,33709.88574292382,73548.05684137794
2021-03-10,33526.080477149975,73935.15187738519
2021-03-11,34114.257327626285,74554.50393499678
2021-03-12,34151.01838078105,74167.40889898954
2021-03-15,34187.77943393583,74554.50393499678
2021-03-16,33893.69100869767,74089.9898917881
2021-03-17,34040.73522131675,74012.57088458663
2021-03-18,34261.30154024537,75483.5320214142
2021-03-19,34665.67312494783,72928.70478376633
2021-03-22,34371.584699709674,75096.43698540694
2021-03-23,34261.30154024537,74167.40889898954
2021-03-24,33415.79731768566,73315.79981977359
2021-03-25,33084.947839292734,73625.47584857939
2021-03-26,33967.21311500721,73470.63783417648
2021-03-29,34040.73522131675,73780.31386298228
2021-03-30,34151.01838078105,73393.21882697503
2021-03-31,34408.34575286444,73393.21882697503
2021-04-01,35658.221560126614,75019.01797820549
2021-04-02,36062.59314482908,75715.78904301855
2021-04-05,36246.39841060293,78967.38734547947
2021-04-06,36319.92051691247,78889.96833827802
2021-04-07,36356.68157006724,78889.96833827802
2021-04-08,36283.1594637577,77419.00720145045
2021-04-09,36430.203676376776,75483.5320214142
2021-04-12,37643.31843048418,76567.3981222345
2021-04-13,36834.57526107925,75483.5320214142
2021-04-14,38966.71634405589,76412.5601078316
2021-04-15,40069.54793869898,75483.5320214142
2021-04-16,40143.07004500852,74554.50393499678
2021-04-19,42495.77744691378,76257.7220934287
2021-04-20,42054.64480905655,79741.57741749397
2021-04-22,40437.15847024668,79741.57741749397
2021-04-23,41466.46795858023,80515.76748950848
2021-04-26,40510.68057655622,76335.14110063015
2021-04-27,41392.94585227069,76644.81712943595
2021-04-28,41172.37953334207,76644.81712943595
2021-04-29,42716.3437658424,77419.00720145045
2021-05-04,43966.21957310457,76722.23613663741
2021-05-05,43598.60904155687,78348.03528786787
2021-05-06,43672.131147866414,76877.0741510403
2021-05-07,44701.440636199965,75096.43698540694
2021-05-10,46318.92697500983,75948.0460646229
2021-05-11,45583.70591191443,75793.20805022
2021-05-12,46098.36065608121,75328.69400701129
2021-05-13,45216.095380366736,74941.59897100404
2021-05-14,45142.5732740572,75019.01797820549
2021-05-17,45510.183805604895,74322.24691339243
2021-05-18,46613.01540024799,73238.38081257213
2021-05-19,48598.112270605554,72851.28577656488
2021-05-20,48965.72280215325,76644.81712943595
2021-05-21,48230.50173905786,74941.59897100404
2021-05-24,48083.457526438775,75406.11301421275
2021-05-25,49553.89965262957,77264.16918704756
2021-05-26,49847.98807786772,77728.68323025625
2021-05-27,49112.767014772326,76412.5601078316
2021-05-28,49333.333333700946,77109.33117264466
2021-05-31,52700.0,76335.14110063015
2021-06-01,55500.0,80283.51046790413
2021-06-02,54000.0,82064.14763353749
2021-06-03,54300.0,82606.08068394764
2021-06-04,54500.0,81212.53855432152
2021-06-07,52700.0,79741.57741749397
2021-06-08,50000.0,77419.00720145045
2021-06-09,50300.0,78967.38734547947
2021-06-10,51600.0,78812.54933107656
2021-06-11,53100.0,79586.73940309107
2021-06-14,53600.0,78967.38734547947
2021-06-15,53200.0,79586.73940309107
2021-06-16,51800.0,80515.76748950848
2021-06-17,51400.0,80670.60550391137
2021-06-18,52100.0,83999.62281357375
2021-06-21,51200.0,82528.66167674618
2021-06-22,51700.0,83302.85174876069
2021-06-23,51400.0,84928.65089999115
2021-06-24,50600.0,85702.84097200565
2021-06-25,50700.0,87173.80210883322
2021-06-28,52400.0,87173.80210883322
2021-06-29,51800.0,88257.66820965352
2021-06-30,51500.0,90115.72438248833
2021-07-01,52800.0,90115.72438248833
2021-07-02,52300.0,88954.43927446658
2021-07-05,51200.0,87947.99218084772
2021-07-06,48000.0,86709.28806562451
2021-07-07,49900.0,87793.15416644482
2021-07-08,49000.0,85935.09799361
2021-07-09,47300.0,85006.0699071926
2021-07-12,44950.0,82915.75671275344
2021-07-13,45500.0,80051.25344629977
2021-07-14,45000.0,78812.54933107656
2021-07-15,46500.0,79354.48238148671
2021-07-16,46750.0,79354.48238148671
2021-07-19,44300.0,75096.43698540694
2021-07-20,47300.0,77573.84521585336
2021-07-21,46750.0,76644.81712943595
2021-07-22,47200.0,77651.26422305481
2021-07-23,45800.0,75096.43698540694
2021-07-26,45600.0,74322.24691339243
2021-07-27,46200.0,73548.05684137794
2021-07-28,46700.0,75096.43698540694
2021-07-29,47100.0,75793.20805022
2021-07-30,47300.0,75870.62705742144
2021-08-02,47250.0,75096.43698540694
2021-08-03,47250.0,76489.97911503306
2021-08-04,47500.0,76257.7220934287
2021-08-05,48800.0,76954.49315824175
2021-08-06,48400.0,75948.0460646229
2021-08-09,49700.0,76102.8840790258
2021-08-10,49400.0,76644.81712943595
2021-08-11,48950.0,77806.10223745772
2021-08-12,48400.0,77341.58819424901
2021-08-13,48650.0,77109.33117264466
2021-08-16,49450.0,77883.52124465916
2021-08-17,50400.0,78193.19727346496
2021-08-18,50400.0,78193.19727346496
2021-08-19,50900.0,79586.73940309107
2021-08-20,49000.0,77496.4262086519
2021-08-23,47500.0,75328.69400701129
2021-08-24,47750.0,75096.43698540694
2021-08-25,48400.0,75483.5320214142
2021-08-26,47700.0,74941.59897100404
2021-08-27,47600.0,75715.78904301855
2021-08-30,48700.0,76877.0741510403
2021-08-31,49300.0,76954.49315824175
2021-09-01,49200.0,76954.49315824175
2021-09-06,51200.0,77419.00720145045
2021-09-07,50700.0,77419.00720145045
2021-09-08,51300.0,77186.7501798461
2021-09-09,51900.0,76877.0741510403
2021-09-10,51500.0,76799.65514383886
2021-09-13,50800.0,75948.0460646229
2021-09-14,50300.0,76102.8840790258
2021-09-15,51600.0,75173.8559926084
2021-09-16,51300.0,75948.0460646229
2021-09-17,51800.0,75251.27499980984
2021-09-20,51300.0,77109.33117264466
2021-09-21,50800.0,75870.62705742144
2021-09-22,50900.0,77031.91216544321
2021-09-23,51000.0,77031.91216544321
2021-09-24,50800.0,77031.91216544321
2021-09-27,50800.0,75870.62705742144
2021-09-28,52600.0,76799.65514383886
2021-09-29,53300.0,76257.7220934287
2021-09-30,52900.0,75251.27499980984
2021-10-01,53400.0,74244.82790619099
2021-10-04,55500.0,73238.38081257213
2021-10-05,55300.0,74012.57088458663
2021-10-06,56100.0,74012.57088458663
2021-10-07,55600.0,74941.59897100404
2021-10-08,55700.0,75096.43698540694
2021-10-11,57200.0,75483.5320214142
2021-10-12,57000.0,75096.43698540694
2021-10-13,56800.0,75096.43698540694
2021-10-14,56800.0,74864.1799638026
2021-10-15,57300.0,74709.34194939969
2021-10-18,57900.0,74322.24691339243
2021-10-19,57200.0,74631.92294219825
2021-10-20,56900.0,73548.05684137794
2021-10-21,57200.0,72773.86676936343
2021-10-22,56700.0,73006.12379096779
2021-10-25,55100.0,72851.28577656488
2021-10-26,56300.0,72773.86676936343
2021-10-27,57900.0,74399.66592059389
2021-10-28,58000.0,75793.20805022
2021-10-29,57100.0,75870.62705742144
2021-11-01,55700.0,75096.43698540694
2021-11-02,55500.0,75793.20805022
2021-11-03,55600.0,76412.5601078316
2021-11-04,56300.0,76180.30308622724
2021-11-05,56600.0,75483.5320214142
2021-11-08,56800.0,76025.46507182435
2021-11-09,56500.0,75173.8559926084
2021-11-10,55300.0,75560.95102861564
2021-11-11,54000.0,76102.8840790258
2021-11-12,54600.0,76025.46507182435
2021-11-15,53600.0,75638.37003581709
2021-11-16,52000.0,75251.27499980984
2021-11-17,51400.0,75870.62705742144
2021-11-18,49950.0,75096.43698540694
2021-11-19,48000.0,75173.8559926084
2021-11-22,48650.0,76489.97911503306
2021-11-23,49550.0,76722.23613663741
2021-11-24,48650.0,81135.11954712008
2021-11-25,49250.0,82915.75671275344
2021-11-26,49050.0,81289.95756152298
2021-11-29,48400.0,78270.6162806664
2021-11-30,48950.0,76567.3981222345
2021-12-01,49000.0,76644.81712943595
2021-12-02,48600.0,76722.23613663741
2021-12-03,47700.0,75870.62705742144
2021-12-06,45750.0,73857.73287018374
2021-12-07,47600.0,76025.46507182435
2021-12-08,47200.0,76412.5601078316
2021-12-09,47100.0,76799.65514383886
2021-12-10,46500.0,77419.00720145045
2021-12-13,46550.0,77109.33117264466
2021-12-14,47700.0,76877.0741510403
2021-12-15,47800.0,77341.58819424901
2021-12-16,47500.0,76722.23613663741
2021-12-17,46700.0,74709.34194939969
2021-12-20,46900.0,77031.91216544321
2021-12-21,46100.0,76567.3981222345
2021-12-22,45100.0,76900.0
2021-12-23,44950.0,76500.0
2021-12-24,46050.0,78500.0
2021-12-27,45900.0,79800.0
2021-12-28,45800.0,80000.0
2021-12-29,45800.0,79500.0
2021-12-30,45700.0,78400.0
2021-12-31,46400.0,78800.0
2022-01-04,46750.0,79000.0
2022-01-05,46800.0,78000.0
2022-01-06,46100.0,79100.0
2022-01-07,45800.0,79800.0
2022-01-10,45650.0,79500.0
2022-01-11,45100.0,79400.0
2022-01-12,46200.0,80000.0
2022-01-13,46700.0,81900.0
2022-01-14,46250.0,83400.0
2022-01-17,44700.0,86200.0
2022-01-18,44000.0,87600.0
2022-01-19,43500.0,86800.0
2022-01-20,44000.0,87100.0
2022-01-21,43300.0,89200.0
2022-01-24,40700.0,93000.0
2022-01-25,43250.0,95800.0
2022-01-26,43450.0,94500.0
2022-01-27,42150.0,91000.0
2022-01-28,42200.0,89000.0
2022-02-07,43050.0,92400.0
2022-02-08,45550.0,92000.0
2022-02-09,47300.0,90800.0
2022-02-10,47000.0,91300.0
2022-02-11,47150.0,90000.0
2022-02-14,46200.0,86000.0
2022-02-15,46000.0,87000.0
2022-02-16,46000.0,87000.0
2022-02-17,46500.0,87500.0
2022-02-18,47050.0,87200.0
2022-02-21,46650.0,87400.0
2022-02-22,46400.0,86800.0
2022-02-23,46700.0,86900.0
2022-02-24,46000.0,85300.0
2022-02-25,45900.0,85100.0
2022-02-28,47200.0,84500.0
2022-03-01,46900.0,85000.0
2022-03-02,46900.0,85000.0
2022-03-03,50100.0,85500.0
2022-03-04,49800.0,84900.0
2022-03-07,51100.0,84900.0
2022-03-08,49450.0,81500.0
2022-03-09,49850.0,83000.0
2022-03-10,49150.0,83500.0
2022-03-11,47600.0,83800.0
2022-03-14,45800.0,84200.0
2022-03-15,46150.0,81100.0
2022-03-16,46200.0,82500.0
2022-03-17,45950.0,83000.0
2022-03-18,46500.0,84200.0
2022-03-21,46850.0,84900.0
2022-03-22,46900.0,84900.0
2022-03-23,46800.0,84900.0
2022-03-24,46400.0,83500.0
2022-03-25,46400.0,82500.0
2022-03-28,45900.0,82400.0
2022-03-29,45850.0,81900.0
2022-03-30,45500.0,82000.0
2022-03-31,45100.0,82100.0
